order_id,user_id,eval_set,order_number,order_dow,order_hour_of_day,days_since_prior_order
2,1,prior,1,2,8,
3,1,prior,2,3,7,15
4,1,prior,3,3,12,21
5,1,prior,4,4,7,29
6,1,prior,5,4,15,28
7,1,prior,6,2,7,19
8,1,prior,7,1,9,20
9,1,prior,8,1,14,14
10,1,prior,9,1,16,0
11,1,prior,10,4,8,30
12,1,train,11,4,8,14
13,2,prior,1,2,11,
14,2,prior,2,5,10,10
15,2,prior,3,1,10,3
16,2,prior,4,2,10,8
17,2,prior,5,3,11,8
18,2,prior,6,2,9,13
19,2,prior,7,2,12,14
20,2,prior,8,1,15,27
21,2,prior,9,2,9,8
22,2,prior,10,1,11,6
23,2,prior,11,1,10,30
24,2,prior,12,1,9,28
25,2,prior,13,4,11,30
26,2,prior,14,3,10,13
27,2,train,15,1,11,30
28,3,prior,1,1,14,
29,3,prior,2,3,19,9
30,3,prior,3,3,16,21
31,3,prior,4,2,18,20
32,3,prior,5,0,17,12
33,3,prior,6,0,16,7
34,3,prior,7,0,15,7
35,3,prior,8,0,17,7
36,3,prior,9,0,16,7
37,3,prior,10,3,16,17
38,3,prior,11,0,18,11
39,3,prior,12,1,15,15
40,3,test,13,5,15,11
41,4,prior,1,6,11,
42,4,prior,2,4,11,19
43,4,prior,3,4,15,21
44,4,prior,4,5,13,15
45,4,prior,5,5,13,0
46,4,test,6,3,12,30
47,5,prior,1,3,12,
48,5,prior,2,0,16,11
49,5,prior,3,3,18,10
50,5,prior,4,1,18,19
51,5,train,5,0,11,6
52,6,prior,1,5,18,
53,6,prior,2,4,16,6
54,6,prior,3,2,18,12
55,6,test,4,3,16,22
56,7,prior,1,3,9,
57,7,prior,2,1,19,30
58,7,prior,3,0,18,30
59,7,prior,4,2,10,9
60,7,prior,5,5,18,3
61,7,prior,6,1,18,10
62,7,prior,7,1,15,7
63,7,prior,8,2,12,8
64,7,prior,9,6,7,4
65,7,prior,10,1,20,9
66,7,prior,11,0,15,6
67,7,prior,12,0,14,7
68,7,prior,13,5,15,5
69,7,prior,14,1,13,17
70,7,prior,15,3,16,2
71,7,prior,16,0,13,11
72,7,prior,17,0,10,28
73,7,prior,18,0,9,7
74,7,prior,19,3,12,3
75,7,prior,20,3,9,7
76,7,train,21,2,11,6
77,8,prior,1,6,0,
78,8,prior,2,1,8,30
79,8,prior,3,5,0,30
80,8,train,4,1,14,10
81,9,prior,1,1,17,
82,9,prior,2,0,14,6
83,9,prior,3,5,12,30
84,9,train,4,6,10,30
85,10,prior,1,2,14,
86,10,prior,2,5,15,30
87,10,prior,3,3,19,12
88,10,prior,4,3,15,14
89,10,prior,5,5,20,23
90,10,train,6,0,19,30
91,11,prior,1,0,11,
92,11,prior,2,5,11,12
93,11,prior,3,5,10,14
94,11,prior,4,5,13,30
95,11,prior,5,5,11,30
96,11,prior,6,5,11,7
97,11,prior,7,5,9,30
98,11,test,8,6,11,8
99,12,prior,1,1,12,
100,12,prior,2,5,9,30
101,12,prior,3,5,8,14
102,12,prior,4,3,9,26
103,12,prior,5,1,9,30
104,12,test,6,1,20,30
105,13,prior,1,6,12,
106,13,prior,2,0,11,8
107,13,prior,3,6,21,6
108,13,prior,4,1,12,9
109,13,prior,5,0,13,6
110,13,prior,6,0,18,7
111,13,prior,7,0,8,7
112,13,prior,8,6,18,13
113,13,prior,9,6,17,7
114,13,prior,10,6,22,7
115,13,prior,11,0,14,8
116,13,prior,12,6,13,6
117,13,train,13,0,21,8
118,14,prior,1,2,18,
119,14,prior,2,5,8,30
120,14,prior,3,0,14,2
121,14,prior,4,6,8,20
122,14,prior,5,5,8,30
123,14,prior,6,1,8,30
124,14,prior,7,5,10,30
125,14,prior,8,4,8,27
126,14,prior,9,5,9,30
127,14,prior,10,4,21,30
128,14,prior,11,1,5,25
129,14,prior,12,5,9,4
130,14,prior,13,5,5,7
131,14,train,14,2,19,11
132,15,prior,1,5,13,
133,15,prior,2,6,12,15
134,15,prior,3,6,12,7
135,15,prior,4,1,11,16
136,15,prior,5,4,15,17
137,15,prior,6,5,11,8
138,15,prior,7,1,11,17
139,15,prior,8,2,17,8
140,15,prior,9,2,13,7
141,15,prior,10,2,10,21
142,15,prior,11,2,9,14
143,15,prior,12,1,8,6
144,15,prior,13,1,10,14
145,15,prior,14,1,10,14
146,15,prior,15,1,9,7
147,15,prior,16,1,9,7
148,15,prior,17,2,16,8
149,15,prior,18,2,11,7
150,15,prior,19,5,11,3
151,15,prior,20,1,13,10
152,15,prior,21,1,9,7
153,15,prior,22,1,10,14
154,15,test,23,1,9,7
155,16,prior,1,2,8,
156,16,prior,2,1,13,20
157,16,prior,3,1,20,21
158,16,prior,4,6,14,12
159,16,prior,5,2,14,30
160,16,prior,6,0,14,26
161,16,test,7,0,13,7
162,17,prior,1,2,13,
163,17,prior,2,5,10,3
164,17,prior,3,3,10,5
165,17,prior,4,1,14,5
166,17,prior,5,6,17,5
167,17,prior,6,4,17,5
168,17,prior,7,1,13,4
169,17,prior,8,0,15,6
170,17,prior,9,3,13,3
171,17,prior,10,0,15,4
172,17,prior,11,4,15,4
173,17,prior,12,2,14,5
174,17,prior,13,1,13,6
175,17,prior,14,6,17,5
176,17,prior,15,2,16,3
177,17,prior,16,1,12,6
178,17,prior,17,5,21,4
179,17,prior,18,6,12,8
180,17,prior,19,5,11,6
181,17,prior,20,5,13,7
182,17,prior,21,2,12,4
183,17,prior,22,6,16,4
184,17,prior,23,3,23,4
185,17,prior,24,1,10,5
186,17,prior,25,0,11,6
187,17,prior,26,5,17,5
188,17,prior,27,4,10,6
189,17,prior,28,1,9,4
190,17,prior,29,6,14,5
191,17,prior,30,6,15,0
192,17,prior,31,4,12,5
193,17,prior,32,1,22,4
194,17,prior,33,3,11,9
195,17,prior,34,5,12,16
196,17,prior,35,6,13,8
197,17,prior,36,3,12,30
198,17,prior,37,2,12,13
199,17,prior,38,1,15,30
200,17,prior,39,5,16,11
201,17,prior,40,4,11,27
202,17,train,41,3,10,30
203,18,prior,1,6,18,
204,18,prior,2,0,17,1
205,18,prior,3,1,19,8
206,18,prior,4,0,16,6
207,18,prior,5,2,16,9
208,18,prior,6,6,12,4
209,18,train,7,6,9,7
210,19,prior,1,6,13,
211,19,prior,2,5,14,6
212,19,prior,3,0,14,16
213,19,prior,4,5,12,5
214,19,prior,5,6,12,8
215,19,prior,6,5,13,20
216,19,prior,7,4,17,6
217,19,prior,8,4,4,7
218,19,prior,9,5,16,8
219,19,test,10,6,17,8
220,20,prior,1,1,10,
221,20,prior,2,3,16,2
222,20,prior,3,2,11,6
223,20,prior,4,2,11,7
224,20,test,5,1,11,30
225,21,prior,1,1,10,
226,21,prior,2,1,9,7
227,21,prior,3,1,13,7
228,21,prior,4,1,14,14
229,21,prior,5,1,14,7
230,21,prior,6,5,6,4
231,21,prior,7,5,9,28
232,21,prior,8,2,13,18
233,21,prior,9,4,10,2
234,21,prior,10,3,10,6
235,21,prior,11,1,15,12
236,21,prior,12,1,9,21
237,21,prior,13,5,11,4
238,21,prior,14,1,9,10
239,21,prior,15,1,9,7
240,21,prior,16,1,11,7
241,21,prior,17,2,15,1
242,21,prior,18,2,11,21
243,21,prior,19,3,9,8
244,21,prior,20,1,10,12
245,21,prior,21,1,9,7
246,21,prior,22,3,9,9
247,21,prior,23,2,13,6
248,21,prior,24,5,8,3
249,21,prior,25,5,8,7
250,21,prior,26,1,11,10
251,21,prior,27,3,8,9
252,21,prior,28,1,9,5
253,21,prior,29,2,9,8
254,21,prior,30,1,11,6
255,21,prior,31,3,15,9
256,21,prior,32,1,13,12
257,21,prior,33,1,12,30
258,21,train,34,1,12,28
259,22,prior,1,3,7,
260,22,prior,2,3,7,30
261,22,prior,3,0,21,4
262,22,prior,4,3,11,30
263,22,prior,5,5,21,16
264,22,prior,6,1,19,17
265,22,prior,7,6,17,5
266,22,prior,8,5,9,13
267,22,prior,9,5,15,28
268,22,prior,10,3,19,5
269,22,prior,11,5,12,2
270,22,prior,12,0,8,2
271,22,prior,13,5,10,5
272,22,prior,14,1,19,3
273,22,prior,15,4,10,30
274,22,test,16,5,6,1
275,23,prior,1,5,14,
276,23,prior,2,0,10,9
277,23,prior,3,5,12,5
278,23,prior,4,3,11,30
279,23,train,5,1,12,30
280,24,prior,1,3,20,
281,24,prior,2,6,16,3
282,24,prior,3,3,21,30
283,24,prior,4,6,10,24
284,24,prior,5,0,11,30
285,24,prior,6,6,8,13
286,24,prior,7,0,8,15
287,24,prior,8,1,20,8
288,24,prior,9,1,8,30
289,24,prior,10,5,17,18
290,24,prior,11,4,14,6
291,24,prior,12,5,16,22
292,24,prior,13,2,11,11
293,24,prior,14,6,8,4
294,24,prior,15,0,10,15
295,24,prior,16,0,9,7
296,24,prior,17,0,20,14
297,24,prior,18,0,16,14
298,24,train,19,0,16,0
299,25,prior,1,1,14,
300,25,prior,2,1,20,30
301,25,prior,3,5,19,30
302,25,test,4,0,15,30
303,26,prior,1,2,15,
304,26,prior,2,5,11,10
305,26,prior,3,5,10,7
306,26,prior,4,4,20,6
307,26,prior,5,5,9,8
308,26,prior,6,2,15,11
309,26,prior,7,1,13,30
310,26,prior,8,3,11,30
311,26,prior,9,3,9,14
312,26,prior,10,3,14,7
313,26,prior,11,4,17,8
314,26,prior,12,4,17,7
315,26,test,13,5,14,8
316,27,prior,1,3,9,
317,27,prior,2,2,17,6
318,27,prior,3,3,8,1
319,27,prior,4,5,13,2
320,27,prior,5,2,15,4
321,27,prior,6,4,9,9
322,27,prior,7,2,14,5
323,27,prior,8,3,15,1
324,27,prior,9,4,13,1
325,27,prior,10,4,15,7
326,27,prior,11,5,11,1
327,27,prior,12,1,11,3
328,27,prior,13,2,17,1
329,27,prior,14,3,9,8
330,27,prior,15,1,14,5
331,27,prior,16,2,16,8
332,27,prior,17,2,9,7
333,27,prior,18,1,15,20
334,27,prior,19,3,9,9
335,27,prior,20,1,16,12
336,27,prior,21,2,11,8
337,27,prior,22,3,8,8
338,27,prior,23,2,13,6
339,27,prior,24,2,15,0
340,27,prior,25,5,10,10
341,27,prior,26,5,14,7
342,27,prior,27,1,15,17
343,27,prior,28,3,10,2
344,27,prior,29,3,14,0
345,27,prior,30,4,16,1
346,27,prior,31,2,14,5
347,27,prior,32,5,10,10
348,27,prior,33,4,15,6
349,27,prior,34,2,15,5
350,27,prior,35,3,16,1
351,27,prior,36,5,14,2
352,27,prior,37,1,10,3
353,27,prior,38,2,16,1
354,27,prior,39,1,14,6
355,27,prior,40,4,10,3
356,27,prior,41,5,10,1
357,27,prior,42,5,14,0
358,27,prior,43,5,15,0
359,27,prior,44,2,14,4
360,27,prior,45,4,9,2
361,27,prior,46,1,10,4
362,27,prior,47,2,14,1
363,27,prior,48,3,10,1
364,27,prior,49,3,14,0
365,27,prior,50,4,14,1
366,27,prior,51,2,9,5
367,27,prior,52,3,15,15
368,27,prior,53,2,9,6
369,27,prior,54,4,15,2
370,27,prior,55,2,16,5
371,27,prior,56,3,11,1
372,27,prior,57,4,13,1
373,27,prior,58,5,8,1
374,27,prior,59,3,9,5
375,27,prior,60,4,15,1
376,27,prior,61,1,13,4
377,27,prior,62,2,10,1
378,27,prior,63,3,10,1
379,27,prior,64,1,15,5
380,27,prior,65,4,10,3
381,27,prior,66,1,12,4
382,27,prior,67,5,10,4
383,27,prior,68,2,8,4
384,27,prior,69,2,14,0
385,27,prior,70,3,15,1
386,27,prior,71,1,13,5
387,27,prior,72,1,13,7
388,27,prior,73,5,14,4
389,27,prior,74,5,14,7
390,27,prior,75,1,11,10
391,27,prior,76,1,14,0
392,27,prior,77,1,8,7
393,27,prior,78,5,15,4
394,27,prior,79,3,11,5
395,27,prior,80,2,8,6
396,27,prior,81,1,13,6
397,27,train,82,5,14,4
398,28,prior,1,0,14,
399,28,prior,2,5,13,19
400,28,prior,3,0,16,2
401,28,prior,4,3,16,17
402,28,prior,5,2,15,27
403,28,prior,6,2,12,14
404,28,prior,7,1,17,6
405,28,prior,8,0,16,13
406,28,prior,9,1,15,30
407,28,prior,10,0,17,6
408,28,prior,11,0,7,30
409,28,prior,12,1,19,1
410,28,prior,13,5,17,11
411,28,prior,14,2,13,18
412,28,prior,15,3,17,15
413,28,prior,16,4,12,1
414,28,prior,17,5,13,1
415,28,prior,18,0,17,9
416,28,prior,19,5,16,12
417,28,prior,20,1,13,10
418,28,prior,21,2,17,1
419,28,prior,22,2,15,7
420,28,prior,23,1,14,6
421,28,prior,24,0,15,13
422,28,test,25,1,16,8
423,29,prior,1,5,11,
424,29,prior,2,2,8,11
425,29,prior,3,2,10,14
426,29,prior,4,6,8,11
427,29,prior,5,1,11,9
428,29,prior,6,5,11,11
429,29,prior,7,1,12,10
430,29,prior,8,4,13,10
431,29,prior,9,6,13,9
432,29,prior,10,5,11,13
433,29,prior,11,5,9,7
434,29,prior,12,4,8,13
435,29,prior,13,5,8,8
436,29,prior,14,1,13,17
437,29,prior,15,3,11,16
438,29,prior,16,1,11,12
439,29,prior,17,5,13,11
440,29,prior,18,5,11,14
441,29,train,19,4,11,13
442,30,prior,1,1,13,
443,30,prior,2,1,10,7
444,30,prior,3,1,22,7
445,30,prior,4,2,13,22
446,30,prior,5,2,11,30
447,30,prior,6,1,19,27
448,30,prior,7,1,6,28
449,30,prior,8,1,8,30
450,30,train,9,2,13,22
451,31,prior,1,5,11,
452,31,prior,2,5,11,0
453,31,prior,3,4,12,6
454,31,prior,4,3,13,6
455,31,prior,5,0,16,4
456,31,prior,6,0,16,7
457,31,prior,7,2,13,2
458,31,prior,8,0,11,5
459,31,prior,9,3,12,3
460,31,prior,10,3,8,7
461,31,prior,11,1,7,5
462,31,prior,12,4,12,10
463,31,prior,13,3,11,6
464,31,prior,14,2,9,6
465,31,prior,15,1,8,6
466,31,prior,16,2,8,8
467,31,prior,17,3,11,8
468,31,prior,18,3,11,0
469,31,prior,19,0,17,4
470,31,prior,20,0,17,0
471,31,test,21,4,9,18
472,32,prior,1,3,12,
473,32,prior,2,3,12,30
474,32,prior,3,2,10,20
475,32,prior,4,3,9,1
476,32,prior,5,1,23,30
477,32,test,6,1,13,30
478,33,prior,1,3,14,
479,33,prior,2,2,16,27
480,33,prior,3,1,19,30
481,33,test,4,6,17,19
482,34,prior,1,4,15,
483,34,prior,2,4,7,28
484,34,prior,3,4,14,21
485,34,prior,4,0,11,10
486,34,prior,5,0,15,21
487,34,train,6,4,13,30
488,35,prior,1,5,21,
489,35,prior,2,3,16,26
490,35,prior,3,6,9,30
491,35,prior,4,0,20,22
492,35,prior,5,5,16,30
493,35,prior,6,6,10,1
494,35,prior,7,3,18,4
495,35,prior,8,4,17,30
496,35,prior,9,4,16,28
497,35,test,10,4,15,21
498,36,prior,1,4,17,
499,36,prior,2,5,18,8
500,36,prior,3,5,17,21
501,36,prior,4,1,11,10
502,36,prior,5,4,15,3
503,36,prior,6,5,15,15
504,36,prior,7,6,14,15
505,36,prior,8,3,17,4
506,36,prior,9,0,11,4
507,36,prior,10,1,18,1
508,36,prior,11,5,19,4
509,36,prior,12,0,16,9
510,36,prior,13,6,15,20
511,36,prior,14,0,12,22
512,36,prior,15,5,17,12
513,36,prior,16,3,21,5
514,36,prior,17,0,15,11
515,36,prior,18,4,17,18
516,36,prior,19,0,8,3
517,36,prior,20,4,9,25
518,36,prior,21,0,9,3
519,36,prior,22,3,12,3
520,36,prior,23,4,17,22
521,36,prior,24,2,7,5
522,36,prior,25,4,10,9
523,36,prior,26,3,18,6
524,36,prior,27,5,21,16
525,36,prior,28,0,11,16
526,36,prior,29,3,21,3
527,36,prior,30,3,21,0
528,36,prior,31,6,12,10
529,36,prior,32,0,9,8
530,36,prior,33,3,19,3
531,36,prior,34,6,11,10
532,36,prior,35,0,16,15
533,36,prior,36,4,12,4
534,36,prior,37,4,12,7
535,36,test,38,0,8,3
536,37,prior,1,2,10,
537,37,prior,2,6,12,4
538,37,prior,3,0,1,8
539,37,prior,4,1,14,8
540,37,prior,5,2,14,8
541,37,prior,6,5,17,10
542,37,prior,7,1,19,10
543,37,prior,8,3,19,23
544,37,prior,9,6,14,17
545,37,prior,10,3,18,11
546,37,prior,11,4,11,8
547,37,prior,12,6,22,30
548,37,prior,13,6,19,14
549,37,prior,14,5,14,20
550,37,prior,15,0,16,30
551,37,prior,16,5,17,5
552,37,prior,17,4,14,6
553,37,prior,18,5,17,15
554,37,prior,19,1,16,10
555,37,prior,20,3,16,9
556,37,prior,21,2,13,13
557,37,prior,22,6,15,30
558,37,prior,23,5,16,6
559,37,train,24,0,13,16
560,38,prior,1,0,10,
561,38,prior,2,4,11,30
562,38,prior,3,0,11,17
563,38,prior,4,6,12,20
564,38,prior,5,0,14,22
565,38,prior,6,6,9,13
566,38,prior,7,6,10,28
567,38,prior,8,6,18,28
568,38,prior,9,6,16,7
569,38,prior,10,5,8,27
570,38,prior,11,0,0,9
571,38,prior,12,1,13,30
572,38,train,13,0,9,30
573,39,prior,1,0,12,
574,39,prior,2,0,15,7
575,39,prior,3,6,17,6
576,39,prior,4,6,10,7
577,39,prior,5,6,19,7
578,39,prior,6,0,12,15
579,39,prior,7,6,16,30
580,39,test,8,6,13,7
581,40,prior,1,0,9,
582,40,prior,2,1,10,8
583,40,prior,3,6,11,12
584,40,prior,4,0,12,8
585,40,prior,5,6,9,20
586,40,prior,6,0,9,15
587,40,prior,7,0,8,21
588,40,prior,8,0,10,7
589,40,prior,9,0,9,14
590,40,test,10,0,8,7
591,41,prior,1,6,16,
592,41,prior,2,2,20,24
593,41,prior,3,0,13,30
594,41,prior,4,1,12,22
595,41,prior,5,0,19,27
596,41,train,6,0,20,30
597,42,prior,1,2,10,
598,42,prior,2,1,15,6
599,42,prior,3,1,19,7
600,42,prior,4,1,9,7
601,42,prior,5,2,18,8
602,42,prior,6,1,19,13
603,42,prior,7,3,13,9
604,42,prior,8,0,10,11
605,42,prior,9,3,19,24
606,42,prior,10,5,1,9
607,42,prior,11,3,18,19
608,42,prior,12,2,13,20
609,42,prior,13,4,12,9
610,42,prior,14,5,16,22
611,42,prior,15,0,15,30
612,42,prior,16,0,13,14
613,42,train,17,0,11,14
614,43,prior,1,1,18,
615,43,prior,2,4,19,24
616,43,prior,3,4,11,7
617,43,prior,4,3,18,6
618,43,prior,5,0,17,11
619,43,prior,6,4,16,4
620,43,prior,7,0,12,10
621,43,prior,8,1,17,15
622,43,prior,9,4,12,3
623,43,prior,10,5,15,15
624,43,prior,11,0,12,9
625,43,train,12,5,11,26
626,44,prior,1,0,7,
627,44,prior,2,1,9,30
628,44,prior,3,0,9,30
629,44,train,4,0,12,30
630,45,prior,1,1,20,
631,45,prior,2,6,19,12
632,45,prior,3,3,20,18
633,45,prior,4,2,8,30
634,45,test,5,5,10,3
635,46,prior,1,1,16,
636,46,prior,2,1,13,7
637,46,prior,3,1,16,0
638,46,prior,4,1,11,14
639,46,prior,5,1,17,30
640,46,prior,6,1,15,28
641,46,prior,7,1,12,28
642,46,prior,8,1,12,21
643,46,prior,9,1,16,14
644,46,prior,10,0,12,6
645,46,prior,11,0,12,7
646,46,prior,12,0,16,14
647,46,prior,13,0,13,14
648,46,prior,14,0,14,14
649,46,prior,15,0,16,28
650,46,prior,16,0,15,21
651,46,prior,17,6,17,30
652,46,prior,18,0,9,22
653,46,prior,19,0,16,21
654,46,train,20,4,20,11
655,47,prior,1,5,16,
656,47,prior,2,6,15,1
657,47,prior,3,4,13,5
658,47,prior,4,2,10,12
659,47,prior,5,2,22,14
660,47,train,6,4,22,16
661,48,prior,1,6,16,
662,48,prior,2,5,13,27
663,48,prior,3,6,9,15
664,48,prior,4,5,12,27
665,48,prior,5,6,10,29
666,48,prior,6,5,9,27
667,48,prior,7,6,11,29
668,48,prior,8,6,11,14
669,48,prior,9,5,18,13
670,48,prior,10,5,22,14
671,48,train,11,5,18,14
672,49,prior,1,2,9,
673,49,prior,2,6,19,30
674,49,prior,3,5,14,30
675,49,prior,4,3,16,30
676,49,prior,5,1,12,19
677,49,prior,6,1,11,30
678,49,prior,7,2,15,30
679,49,prior,8,2,11,28
680,49,train,9,4,12,2
681,50,prior,1,3,9,
682,50,prior,2,6,12,10
683,50,prior,3,1,13,9
684,50,prior,4,0,11,6
685,50,prior,5,4,14,11
686,50,prior,6,2,10,5
687,50,prior,7,3,13,8
688,50,prior,8,6,14,3
689,50,prior,9,4,11,5
690,50,prior,10,2,10,5
691,50,prior,11,6,9,4
692,50,prior,12,3,18,4
693,50,prior,13,6,14,10
694,50,prior,14,4,11,5
695,50,prior,15,2,10,5
696,50,prior,16,1,8,13
697,50,prior,17,2,15,8
698,50,prior,18,1,10,6
699,50,prior,19,3,11,2
700,50,prior,20,1,10,5
701,50,prior,21,1,13,14
702,50,prior,22,1,12,7
703,50,prior,23,6,17,5
704,50,prior,24,3,10,4
705,50,prior,25,2,11,6
706,50,prior,26,1,13,6
707,50,prior,27,5,7,11
708,50,prior,28,2,10,4
709,50,prior,29,3,11,1
710,50,prior,30,3,12,7
711,50,prior,31,2,11,6
712,50,prior,32,2,12,7
713,50,prior,33,5,7,10
714,50,prior,34,0,22,2
715,50,prior,35,4,11,4
716,50,prior,36,1,11,4
717,50,prior,37,4,15,3
718,50,prior,38,1,7,4
719,50,prior,39,6,10,5
720,50,prior,40,3,9,4
721,50,prior,41,0,16,4
722,50,prior,42,2,10,2
723,50,prior,43,6,9,4
724,50,prior,44,2,11,3
725,50,prior,45,1,12,6
726,50,prior,46,3,7,2
727,50,prior,47,2,11,6
728,50,prior,48,0,10,5
729,50,prior,49,5,8,5
730,50,prior,50,1,11,3
731,50,prior,51,5,10,11
732,50,prior,52,1,9,3
733,50,prior,53,3,11,2
734,50,prior,54,6,10,3
735,50,prior,55,1,10,2
736,50,prior,56,0,13,6
737,50,prior,57,5,12,5
738,50,prior,58,3,10,5
739,50,prior,59,1,11,5
740,50,prior,60,2,12,1
741,50,prior,61,5,11,3
742,50,prior,62,2,11,4
743,50,prior,63,6,10,4
744,50,prior,64,2,12,10
745,50,prior,65,1,13,6
746,50,prior,66,4,11,3
747,50,prior,67,3,9,6
748,50,train,68,3,9,7
749,51,prior,1,3,14,
750,51,prior,2,2,14,13
751,51,prior,3,5,14,17
752,51,test,4,0,14,16
753,52,prior,1,1,9,
754,52,prior,2,1,10,7
755,52,prior,3,1,10,7
756,52,prior,4,1,11,7
757,52,prior,5,2,10,8
758,52,prior,6,1,13,6
759,52,prior,7,2,7,8
760,52,prior,8,1,10,6
761,52,prior,9,1,11,7
762,52,prior,10,2,10,8
763,52,prior,11,2,9,7
764,52,prior,12,1,16,6
765,52,prior,13,1,10,7
766,52,prior,14,1,13,7
767,52,prior,15,2,11,8
768,52,prior,16,3,11,8
769,52,prior,17,2,10,6
770,52,prior,18,2,10,14
771,52,prior,19,3,8,8
772,52,prior,20,1,13,5
773,52,prior,21,5,10,30
774,52,prior,22,1,9,10
775,52,prior,23,1,13,7
776,52,prior,24,2,9,8
777,52,prior,25,1,10,13
778,52,prior,26,5,13,18
779,52,prior,27,1,8,10
780,52,train,28,4,16,3
781,53,prior,1,5,19,
782,53,prior,2,1,17,17
783,53,prior,3,3,15,16
784,53,train,4,2,10,13
785,54,prior,1,2,19,
786,54,prior,2,0,22,5
787,54,prior,3,4,18,11
788,54,prior,4,1,19,4
789,54,prior,5,6,16,5
790,54,prior,6,1,7,9
791,54,prior,7,6,13,5
792,54,prior,8,5,16,13
793,54,prior,9,4,10,20
794,54,prior,10,2,9,5
795,54,prior,11,4,12,2
796,54,prior,12,5,9,8
797,54,prior,13,0,11,2
798,54,prior,14,0,11,7
799,54,prior,15,5,12,12
800,54,prior,16,1,12,3
801,54,prior,17,6,13,12
802,54,prior,18,1,11,9
803,54,prior,19,6,11,12
804,54,prior,20,3,10,4
805,54,prior,21,4,0,1
806,54,prior,22,6,10,2
807,54,prior,23,5,14,13
808,54,prior,24,6,12,1
809,54,prior,25,6,12,7
810,54,prior,26,0,11,1
811,54,prior,27,3,0,3
812,54,prior,28,4,16,1
813,54,prior,29,4,23,0
814,54,prior,30,3,11,6
815,54,prior,31,4,10,1
816,54,prior,32,6,11,2
817,54,prior,33,1,1,2
818,54,prior,34,0,9,13
819,54,prior,35,1,11,1
820,54,prior,36,5,10,4
821,54,prior,37,6,12,1
822,54,prior,38,6,14,7
823,54,prior,39,6,20,0
824,54,prior,40,3,20,4
825,54,prior,41,6,9,3
826,54,prior,42,1,9,2
827,54,prior,43,4,8,3
828,54,prior,44,3,19,6
829,54,prior,45,4,18,1
830,54,prior,46,2,15,5
831,54,prior,47,0,22,5
832,54,prior,48,4,9,4
833,54,prior,49,6,14,2
834,54,prior,50,0,22,1
835,54,prior,51,2,23,2
836,54,prior,52,4,11,2
837,54,prior,53,5,11,1
838,54,prior,54,6,11,8
839,54,prior,55,3,11,18
840,54,prior,56,4,9,1
841,54,prior,57,6,17,2
842,54,prior,58,6,21,7
843,54,prior,59,4,8,5
844,54,prior,60,6,23,2
845,54,prior,61,3,12,4
846,54,prior,62,2,10,6
847,54,prior,63,4,8,2
848,54,prior,64,1,13,4
849,54,prior,65,4,11,10
850,54,prior,66,4,11,7
851,54,prior,67,4,13,0
852,54,prior,68,1,11,4
853,54,prior,69,5,15,4
854,54,prior,70,1,15,3
855,54,prior,71,4,10,3
856,54,prior,72,1,13,4
857,54,prior,73,2,23,1
858,54,prior,74,4,13,2
859,54,prior,75,6,12,2
860,54,prior,76,0,10,8
861,54,prior,77,1,11,1
862,54,test,78,2,23,1
863,55,prior,1,0,14,
864,55,prior,2,2,17,9
865,55,prior,3,2,7,28
866,55,prior,4,1,13,13
867,55,prior,5,2,15,15
868,55,prior,6,2,13,28
869,55,prior,7,1,13,13
870,55,train,8,2,18,30
871,56,prior,1,1,17,
872,56,prior,2,1,8,7
873,56,prior,3,4,18,3
874,56,prior,4,1,11,4
875,56,prior,5,0,9,6
876,56,prior,6,1,18,8
877,56,prior,7,2,11,8
878,56,prior,8,0,16,5
879,56,prior,9,1,8,8
880,56,prior,10,2,10,8
881,56,prior,11,1,8,13
882,56,prior,12,2,9,8
883,56,train,13,1,9,6
884,57,prior,1,6,10,
885,57,prior,2,4,11,5
886,57,prior,3,3,17,6
887,57,prior,4,5,7,9
888,57,prior,5,5,15,7
889,57,prior,6,4,21,13
890,57,prior,7,2,10,12
891,57,prior,8,4,1,9
892,57,prior,9,3,22,6
893,57,prior,10,6,6,10
894,57,prior,11,2,7,3
895,57,prior,12,6,11,4
896,57,prior,13,3,10,11
897,57,prior,14,6,5,10
898,57,test,15,0,7,8
899,58,prior,1,4,14,
900,58,prior,2,0,10,3
901,58,prior,3,6,15,13
902,58,prior,4,0,17,1
903,58,prior,5,0,7,7
904,58,prior,6,4,18,4
905,58,prior,7,0,9,3
906,58,prior,8,2,10,9
907,58,prior,9,3,10,15
908,58,prior,10,3,11,7
909,58,prior,11,5,9,9
910,58,prior,12,0,13,16
911,58,prior,13,0,12,7
912,58,prior,14,5,12,30
913,58,prior,15,4,21,6
914,58,test,16,4,12,7
915,59,prior,1,5,15,
916,59,prior,2,1,10,24
917,59,prior,3,0,10,6
918,59,prior,4,2,12,2
919,59,prior,5,3,9,15
920,59,prior,6,2,10,20
921,59,prior,7,2,11,14
922,59,prior,8,3,11,29
923,59,prior,9,0,21,30
924,59,prior,10,4,8,11
925,59,train,11,0,12,10
926,60,prior,1,0,20,
927,60,prior,2,5,14,26
928,60,prior,3,2,13,11
929,60,prior,4,2,11,28
930,60,prior,5,5,15,24
931,60,prior,6,2,14,25
932,60,prior,7,5,18,30
933,60,prior,8,1,11,30
934,60,test,9,4,22,30
935,61,prior,1,2,11,
936,61,prior,2,5,10,30
937,61,prior,3,5,15,14
938,61,prior,4,1,9,30
939,61,test,5,4,10,17
940,62,prior,1,1,0,
941,62,prior,2,4,10,10
942,62,prior,3,6,11,30
943,62,prior,4,0,13,15
944,62,prior,5,4,20,4
945,62,prior,6,4,14,14
946,62,prior,7,1,14,18
947,62,prior,8,4,13,30
948,62,prior,9,4,14,14
949,62,prior,10,1,12,4
950,62,train,11,2,12,29
951,63,prior,1,3,20,
952,63,prior,2,0,9,11
953,63,prior,3,4,14,11
954,63,prior,4,0,11,24
955,63,prior,5,1,10,8
956,63,prior,6,6,14,12
957,63,prior,7,1,14,9
958,63,prior,8,2,19,15
959,63,prior,9,0,10,26
960,63,prior,10,2,14,2
961,63,prior,11,0,7,5
962,63,prior,12,6,13,6
963,63,prior,13,6,14,7
964,63,prior,14,6,8,7
965,63,prior,15,5,12,6
966,63,prior,16,3,15,5
967,63,prior,17,1,11,19
968,63,prior,18,5,12,4
969,63,prior,19,3,16,5
970,63,prior,20,3,14,7
971,63,prior,21,5,9,2
972,63,prior,22,3,14,5
973,63,prior,23,3,12,7
974,63,prior,24,6,13,3
975,63,prior,25,0,5,8
976,63,prior,26,5,17,5
977,63,prior,27,2,11,11
978,63,prior,28,4,8,9
979,63,prior,29,1,18,11
980,63,prior,30,5,12,4
981,63,prior,31,2,17,4
982,63,prior,32,1,13,6
983,63,prior,33,3,12,9
984,63,prior,34,1,12,12
985,63,prior,35,1,12,14
986,63,prior,36,1,12,14
987,63,prior,37,6,9,12
988,63,prior,38,1,14,9
989,63,prior,39,0,11,13
990,63,train,40,6,8,13
991,64,prior,1,2,14,
992,64,prior,2,6,10,11
993,64,prior,3,1,22,2
994,64,prior,4,6,17,12
995,64,prior,5,5,0,6
996,64,prior,6,3,20,19
997,64,prior,7,5,20,9
998,64,prior,8,6,17,15
999,64,prior,9,6,15,7
1000,64,prior,10,1,10,9
1001,64,train,11,0,13,27
1002,65,prior,1,0,9,
1003,65,prior,2,0,9,7
1004,65,prior,3,0,10,14
1005,65,prior,4,1,13,1
1006,65,prior,5,5,14,4
1007,65,prior,6,6,15,15
1008,65,prior,7,0,15,1
1009,65,prior,8,1,12,29
1010,65,prior,9,2,10,8
1011,65,prior,10,1,8,6
1012,65,prior,11,4,9,30
1013,65,prior,12,4,8,7
1014,65,prior,13,4,15,14
1015,65,prior,14,2,9,30
1016,65,train,15,6,17,30
1017,66,prior,1,2,17,
1018,66,prior,2,5,12,30
1019,66,prior,3,3,21,30
1020,66,prior,4,6,12,30
1021,66,prior,5,0,10,30
1022,66,prior,6,1,11,30
1023,66,train,7,3,19,23
1024,67,prior,1,3,11,
1025,67,prior,2,1,15,5
1026,67,prior,3,1,13,7
1027,67,prior,4,2,9,8
1028,67,prior,5,3,14,8
1029,67,prior,6,3,12,7
1030,67,prior,7,2,13,6
1031,67,prior,8,2,11,7
1032,67,prior,9,2,14,7
1033,67,prior,10,1,10,6
1034,67,prior,11,1,11,7
1035,67,prior,12,2,12,8
1036,67,prior,13,1,10,6
1037,67,prior,14,1,9,7
1038,67,prior,15,2,15,15
1039,67,prior,16,4,10,9
1040,67,prior,17,1,19,11
1041,67,prior,18,5,16,4
1042,67,prior,19,0,14,9
1043,67,prior,20,3,13,3
1044,67,prior,21,1,9,5
1045,67,prior,22,1,11,14
1046,67,prior,23,1,14,14
1047,67,prior,24,2,12,1
1048,67,train,25,0,11,5
1049,68,prior,1,5,10,
1050,68,prior,2,5,12,21
1051,68,prior,3,4,19,30
1052,68,prior,4,3,13,30
1053,68,prior,5,1,11,30
1054,68,prior,6,6,14,30
1055,68,test,7,2,15,30
1056,69,prior,1,2,16,
1057,69,prior,2,2,12,14
1058,69,prior,3,2,18,14
1059,69,prior,4,3,22,8
1060,69,prior,5,2,14,13
1061,69,test,6,2,11,7
1062,70,prior,1,6,18,
1063,70,prior,2,3,18,11
1064,70,prior,3,1,19,5
1065,70,prior,4,4,16,17
1066,70,prior,5,0,13,30
1067,70,prior,6,4,16,11
1068,70,prior,7,4,15,30
1069,70,prior,8,6,12,9
1070,70,prior,9,4,19,12
1071,70,prior,10,4,20,14
1072,70,prior,11,3,18,30
1073,70,prior,12,6,20,30
1074,70,prior,13,2,17,30
1075,70,train,14,5,12,30
1076,71,prior,1,3,10,
1077,71,prior,2,3,16,7
1078,71,prior,3,5,12,9
1079,71,prior,4,0,19,2
1080,71,prior,5,4,21,18
1081,71,prior,6,2,14,12
1082,71,prior,7,3,9,8
1083,71,prior,8,3,16,14
1084,71,prior,9,5,14,30
1085,71,prior,10,2,15,11
1086,71,prior,11,5,13,3
1087,71,prior,12,0,13,30
1088,71,prior,13,5,6,26
1089,71,prior,14,0,15,16
1090,71,prior,15,1,9,8
1091,71,prior,16,3,17,16
1092,71,prior,17,1,11,12
1093,71,prior,18,4,14,10
1094,71,prior,19,4,9,14
1095,71,prior,20,6,14,9
1096,71,prior,21,3,15,18
1097,71,prior,22,5,16,23
1098,71,prior,23,2,10,18
1099,71,train,24,5,13,17
1100,72,prior,1,5,15,
1101,72,prior,2,1,14,30
1102,72,prior,3,2,13,8
1103,72,prior,4,6,13,4
1104,72,prior,5,5,13,13
1105,72,prior,6,6,14,15
1106,72,prior,7,6,11,21
1107,72,prior,8,0,14,15
1108,72,prior,9,4,16,11
1109,72,prior,10,5,16,15
1110,72,prior,11,4,16,6
1111,72,prior,12,6,12,30
1112,72,train,13,2,14,30
1113,73,prior,1,2,17,
1114,73,prior,2,3,20,30
1115,73,prior,3,3,19,14
1116,73,prior,4,5,16,16
1117,73,prior,5,3,16,26
1118,73,prior,6,0,13,25
1119,73,prior,7,1,20,22
1120,73,test,8,6,18,30
1121,74,prior,1,5,8,
1122,74,prior,2,5,6,7
1123,74,prior,3,1,8,10
1124,74,prior,4,3,7,23
1125,74,prior,5,1,13,30
1126,74,train,6,4,7,10
1127,75,prior,1,5,13,
1128,75,prior,2,1,14,17
1129,75,prior,3,3,13,9
1130,75,prior,4,4,16,15
1131,75,prior,5,1,14,4
1132,75,prior,6,1,13,7
1133,75,prior,7,0,14,6
1134,75,prior,8,5,15,5
1135,75,prior,9,2,13,11
1136,75,prior,10,5,12,3
1137,75,prior,11,4,11,6
1138,75,prior,12,3,12,6
1139,75,prior,13,1,13,5
1140,75,prior,14,1,12,7
1141,75,prior,15,0,13,6
1142,75,prior,16,6,12,6
1143,75,prior,17,2,13,10
1144,75,prior,18,6,13,11
1145,75,prior,19,6,12,7
1146,75,prior,20,6,11,14
1147,75,prior,21,0,13,22
1148,75,prior,22,2,13,9
1149,75,prior,23,4,14,9
1150,75,test,24,3,11,6
1151,76,prior,1,3,10,
1152,76,prior,2,5,11,30
1153,76,prior,3,2,11,25
1154,76,prior,4,1,7,13
1155,76,prior,5,1,11,0
1156,76,prior,6,3,9,30
1157,76,prior,7,4,8,29
1158,76,prior,8,2,9,19
1159,76,prior,9,4,8,30
1160,76,train,10,4,8,14
1161,77,prior,1,2,11,
1162,77,prior,2,1,13,30
1163,77,prior,3,0,15,27
1164,77,prior,4,2,9,16
1165,77,prior,5,0,9,5
1166,77,prior,6,1,11,15
1167,77,prior,7,6,14,5
1168,77,prior,8,6,18,7
1169,77,prior,9,0,17,8
1170,77,prior,10,0,9,7
1171,77,prior,11,1,11,22
1172,77,prior,12,0,15,6
1173,77,test,13,0,15,28
1174,78,prior,1,1,19,
1175,78,prior,2,6,10,5
1176,78,prior,3,0,8,8
1177,78,prior,4,2,7,9
1178,78,prior,5,0,14,30
1179,78,prior,6,6,10,30
1180,78,train,7,6,11,7
1181,79,prior,1,0,12,
1182,79,prior,2,0,14,7
1183,79,prior,3,1,17,8
1184,79,prior,4,0,16,13
1185,79,prior,5,0,2,21
1186,79,prior,6,1,19,30
1187,79,prior,7,0,15,30
1188,79,train,8,0,6,30
1189,80,prior,1,2,6,
1190,80,prior,2,2,16,21
1191,80,prior,3,0,16,12
1192,80,prior,4,1,10,8
1193,80,prior,5,6,15,5
1194,80,prior,6,0,13,8
1195,80,prior,7,5,12,12
1196,80,prior,8,3,15,12
1197,80,prior,9,2,8,6
1198,80,prior,10,1,15,6
1199,80,prior,11,2,13,8
1200,80,prior,12,1,9,6
1201,80,train,13,2,8,8
1202,81,prior,1,2,15,
1203,81,prior,2,1,12,6
1204,81,prior,3,1,9,14
1205,81,prior,4,3,19,30
1206,81,prior,5,2,20,30
1207,81,prior,6,3,7,29
1208,81,prior,7,4,18,30
1209,81,train,8,5,18,8
1210,82,prior,1,3,15,
1211,82,prior,2,0,11,18
1212,82,prior,3,5,10,5
1213,82,prior,4,0,11,16
1214,82,prior,5,5,16,12
1215,82,prior,6,4,9,13
1216,82,prior,7,1,11,11
1217,82,prior,8,5,10,4
1218,82,prior,9,1,10,30
1219,82,prior,10,2,11,1
1220,82,prior,11,5,16,10
1221,82,prior,12,4,19,6
1222,82,prior,13,0,10,10
1223,82,prior,14,4,10,11
1224,82,prior,15,2,11,12
1225,82,prior,16,1,8,13
1226,82,prior,17,1,12,14
1227,82,prior,18,1,13,7
1228,82,prior,19,2,15,8
1229,82,train,20,1,10,13
1230,83,prior,1,3,15,
1231,83,prior,2,4,14,8
1232,83,prior,3,5,14,30
1233,83,prior,4,4,18,20
1234,83,prior,5,2,17,12
1235,83,prior,6,1,12,20
1236,83,train,7,2,16,30
1237,84,prior,1,4,9,
1238,84,prior,2,1,8,30
1239,84,prior,3,5,13,18
1240,84,prior,4,0,14,30
1241,84,prior,5,3,16,3
1242,84,prior,6,0,12,18
1243,84,prior,7,5,13,30
1244,84,prior,8,0,10,30
1245,84,train,9,0,13,14
1246,85,prior,1,0,19,
1247,85,prior,2,6,16,30
1248,85,prior,3,6,14,7
1249,85,prior,4,1,11,30
1250,85,prior,5,6,18,26
1251,85,prior,6,1,14,9
1252,85,prior,7,4,17,10
1253,85,test,8,0,16,3
1254,86,prior,1,0,9,
1255,86,prior,2,0,16,30
1256,86,prior,3,6,8,13
1257,86,prior,4,1,17,30
1258,86,prior,5,1,15,14
1259,86,prior,6,6,19,12
1260,86,prior,7,1,17,16
1261,86,prior,8,0,14,13
1262,86,prior,9,1,21,15
1263,86,prior,10,6,16,26
1264,86,prior,11,3,12,25
1265,86,prior,12,0,15,4
1266,86,prior,13,2,13,30
1267,86,prior,14,1,12,20
1268,86,prior,15,0,10,27
1269,86,prior,16,2,18,30
1270,86,prior,17,0,10,19
1271,86,train,18,6,12,6
1272,87,prior,1,6,17,
1273,87,prior,2,0,12,30
1274,87,prior,3,2,19,30
1275,87,prior,4,6,8,30
1276,87,prior,5,5,7,13
1277,87,prior,6,6,7,15
1278,87,prior,7,3,8,4
1279,87,prior,8,1,15,5
1280,87,prior,9,2,7,8
1281,87,prior,10,0,17,5
1282,87,prior,11,5,8,19
1283,87,prior,12,2,16,4
1284,87,prior,13,0,16,5
1285,87,prior,14,1,17,8
1286,87,prior,15,6,16,5
1287,87,prior,16,0,15,8
1288,87,prior,17,0,20,7
1289,87,prior,18,1,19,8
1290,87,prior,19,1,8,7
1291,87,prior,20,6,9,5
1292,87,prior,21,0,12,8
1293,87,prior,22,3,8,3
1294,87,prior,23,1,8,5
1295,87,prior,24,4,7,3
1296,87,prior,25,1,11,4
1297,87,prior,26,2,17,22
1298,87,prior,27,2,7,7
1299,87,train,28,3,17,8
1300,88,prior,1,1,15,
1301,88,prior,2,4,15,10
1302,88,prior,3,6,16,30
1303,88,prior,4,1,8,16
1304,88,prior,5,6,13,26
1305,88,prior,6,6,13,0
1306,88,prior,7,1,0,23
1307,88,train,8,3,18,23
1308,89,prior,1,4,8,
1309,89,prior,2,0,17,10
1310,89,prior,3,1,18,15
1311,89,prior,4,1,14,7
1312,89,prior,5,0,12,6
1313,89,prior,6,4,16,18
1314,89,prior,7,1,17,25
1315,89,prior,8,0,13,6
1316,89,prior,9,0,13,7
1317,89,prior,10,0,14,7
1318,89,prior,11,1,15,8
1319,89,prior,12,5,15,4
1320,89,prior,13,1,12,10
1321,89,prior,14,1,14,7
1322,89,prior,15,1,9,7
1323,89,prior,16,0,14,6
1324,89,prior,17,6,10,13
1325,89,prior,18,1,10,9
1326,89,prior,19,0,12,6
1327,89,prior,20,0,14,7
1328,89,train,21,6,18,6
1329,90,prior,1,5,14,
1330,90,prior,2,1,9,3
1331,90,prior,3,3,15,2
1332,90,prior,4,5,13,2
1333,90,prior,5,4,7,6
1334,90,prior,6,5,17,1
1335,90,prior,7,2,15,4
1336,90,prior,8,3,15,1
1337,90,prior,9,5,15,2
1338,90,prior,10,3,9,5
1339,90,prior,11,5,14,2
1340,90,prior,12,2,12,4
1341,90,prior,13,5,15,3
1342,90,prior,14,2,13,4
1343,90,prior,15,5,15,3
1344,90,prior,16,3,12,5
1345,90,prior,17,5,15,2
1346,90,prior,18,2,13,4
1347,90,prior,19,5,9,3
1348,90,prior,20,2,10,4
1349,90,prior,21,5,16,3
1350,90,prior,22,3,9,5
1351,90,prior,23,5,15,2
1352,90,prior,24,2,13,4
1353,90,prior,25,5,14,3
1354,90,prior,26,3,12,5
1355,90,prior,27,2,12,6
1356,90,prior,28,2,13,7
1357,90,prior,29,4,12,2
1358,90,prior,30,5,15,1
1359,90,prior,31,3,13,5
1360,90,prior,32,5,12,2
1361,90,prior,33,2,16,4
1362,90,prior,34,4,10,2
1363,90,prior,35,4,9,7
1364,90,prior,36,4,13,7
1365,90,prior,37,4,11,7
1366,90,prior,38,5,16,1
1367,90,prior,39,2,15,4
1368,90,prior,40,4,16,2
1369,90,prior,41,3,12,6
1370,90,prior,42,5,14,2
1371,90,prior,43,3,11,5
1372,90,prior,44,0,7,4
1373,90,prior,45,3,9,3
1374,90,prior,46,5,12,2
1375,90,prior,47,3,11,5
1376,90,prior,48,5,13,2
1377,90,prior,49,1,12,3
1378,90,prior,50,3,9,2
1379,90,prior,51,5,10,2
1380,90,prior,52,3,13,5
1381,90,prior,53,5,12,2
1382,90,prior,54,1,10,3
1383,90,prior,55,5,15,4
1384,90,prior,56,3,10,5
1385,90,prior,57,5,11,2
1386,90,prior,58,3,10,5
1387,90,prior,59,5,9,2
1388,90,prior,60,3,9,5
1389,90,prior,61,5,12,2
1390,90,prior,62,1,10,3
1391,90,prior,63,5,11,4
1392,90,prior,64,3,11,5
1393,90,prior,65,5,11,2
1394,90,prior,66,3,9,5
1395,90,prior,67,4,13,1
1396,90,prior,68,1,13,4
1397,90,prior,69,5,11,4
1398,90,prior,70,2,13,4
1399,90,prior,71,3,9,1
1400,90,train,72,5,9,2
1401,91,prior,1,3,14,
1402,91,prior,2,6,9,3
1403,91,prior,3,3,20,4
1404,91,prior,4,2,8,13
1405,91,prior,5,4,20,9
1406,91,prior,6,1,15,4
1407,91,prior,7,4,12,10
1408,91,prior,8,2,14,5
1409,91,prior,9,2,14,7
1410,91,prior,10,6,13,11
1411,91,prior,11,4,11,30
1412,91,prior,12,4,14,30
1413,91,prior,13,1,11,4
1414,91,prior,14,6,12,5
1415,91,prior,15,4,10,5
1416,91,train,16,1,10,11
1417,92,prior,1,6,12,
1418,92,prior,2,2,11,17
1419,92,prior,3,1,15,30
1420,92,prior,4,2,13,22
1421,92,prior,5,2,8,21
1422,92,test,6,5,9,30
1423,93,prior,1,3,8,
1424,93,prior,2,2,9,30
1425,93,prior,3,5,15,30
1426,93,prior,4,6,9,1
1427,93,prior,5,5,9,6
1428,93,prior,6,5,9,0
1429,93,prior,7,6,13,1
1430,93,prior,8,0,11,1
1431,93,prior,9,6,10,20
1432,93,prior,10,0,12,8
1433,93,prior,11,6,14,27
1434,93,prior,12,6,8,14
1435,93,prior,13,4,12,5
1436,93,prior,14,3,19,30
1437,93,train,15,1,10,5
1438,94,prior,1,6,16,
1439,94,prior,2,5,19,13
1440,94,prior,3,3,15,30
1441,94,prior,4,5,18,9
1442,94,prior,5,0,17,30
1443,94,prior,6,6,19,6
1444,94,prior,7,6,16,14
1445,94,prior,8,6,18,0
1446,94,prior,9,0,16,15
1447,94,test,10,6,14,30
1448,95,prior,1,1,12,
1449,95,prior,2,3,11,9
1450,95,prior,3,5,13,30
1451,95,prior,4,3,14,19
1452,95,prior,5,1,15,30
1453,95,prior,6,5,14,25
1454,95,prior,7,1,14,24
1455,95,prior,8,5,11,11
1456,95,train,9,5,12,21
1457,96,prior,1,4,12,
1458,96,prior,2,5,10,8
1459,96,prior,3,4,16,6
1460,96,prior,4,1,10,11
1461,96,prior,5,3,11,9
1462,96,prior,6,1,15,12
1463,96,prior,7,6,22,19
1464,96,prior,8,4,22,5
1465,96,prior,9,4,16,7
1466,96,prior,10,6,13,9
1467,96,prior,11,0,1,8
1468,96,prior,12,0,11,14
1469,96,prior,13,5,12,12
1470,96,prior,14,2,15,30
1471,96,prior,15,1,9,13
1472,96,prior,16,3,9,9
1473,96,train,17,1,11,30
1474,97,prior,1,4,15,
1475,97,prior,2,1,12,30
1476,97,prior,3,6,10,30
1477,97,prior,4,0,13,22
1478,97,prior,5,0,21,14
1479,97,train,6,6,19,6
1480,98,prior,1,0,14,
1481,98,prior,2,3,21,24
1482,98,prior,3,0,9,25
1483,98,prior,4,4,7,11
1484,98,prior,5,4,16,21
1485,98,prior,6,0,18,30
1486,98,prior,7,5,14,5
1487,98,prior,8,3,13,5
1488,98,prior,9,3,9,30
1489,98,prior,10,3,17,30
1490,98,prior,11,4,13,15
1491,98,prior,12,6,13,30
1492,98,prior,13,4,11,30
1493,98,prior,14,5,8,8
1494,98,test,15,6,15,30
1495,99,prior,1,4,15,
1496,99,prior,2,4,13,14
1497,99,prior,3,0,17,24
1498,99,prior,4,2,13,23
1499,99,prior,5,1,11,13
1500,99,prior,6,3,13,23
1501,99,prior,7,2,12,13
1502,99,prior,8,3,15,29
1503,99,prior,9,2,20,30
1504,99,prior,10,0,16,12
1505,99,prior,11,5,10,26
1506,99,prior,12,3,15,12
1507,99,prior,13,4,16,15
1508,99,prior,14,4,16,21
1509,99,prior,15,5,10,8
1510,99,prior,16,5,18,7
1511,99,prior,17,0,19,23
1512,99,prior,18,1,8,8
1513,99,train,19,2,11,22
1514,100,prior,1,3,18,
1515,100,prior,2,0,15,18
1516,100,prior,3,5,17,30
1517,100,prior,4,3,20,30
1518,100,prior,5,1,18,26
1519,100,test,6,5,19,30
